{"data": [{"Properties": {"name": "CERTIFICATE-LTD-CA@CERTIFICATE.HTB", "highvalue": false, "CA Name": "Certificate-LTD-CA", "DNS Name": "DC01.certificate.htb", "Certificate Subject": "CN=Certificate-LTD-CA, DC=certificate, DC=htb", "Certificate Serial Number": "75B2F4BBF31F108945147B466131BDCA", "Certificate Validity Start": "2024-11-03 22:55:09+00:00", "Certificate Validity End": "2034-11-03 23:05:09+00:00", "Web Enrollment": "Disabled", "User Specified SAN": "Disabled", "Request Disposition": "Issue", "Enforce Encryption for Requests": "Enabled", "domain": "CERTIFICATE.HTB"}, "ObjectIdentifier": "f4293a67-37ad-4975-b25e-63202654cf08", "Aces": [{"PrincipalSID": "CERTIFICATE.HTB-S-1-5-32-544", "PrincipalType": "Group", "RightName": "Owns", "IsInherited": false}, {"PrincipalSID": "CERTIFICATE.HTB-S-1-5-32-544", "PrincipalType": "Group", "RightName": "ManageCertificates", "IsInherited": false}, {"PrincipalSID": "CERTIFICATE.HTB-S-1-5-32-544", "PrincipalType": "Group", "RightName": "ManageCa", "IsInherited": false}, {"PrincipalSID": "S-1-5-21-515537669-4223687196-3249690583-512", "PrincipalType": "Group", "RightName": "ManageCertificates", "IsInherited": false}, {"PrincipalSID": "S-1-5-21-515537669-4223687196-3249690583-512", "PrincipalType": "Group", "RightName": "ManageCa", "IsInherited": false}, {"PrincipalSID": "S-1-5-21-515537669-4223687196-3249690583-519", "PrincipalType": "Group", "RightName": "ManageCertificates", "IsInherited": false}, {"PrincipalSID": "S-1-5-21-515537669-4223687196-3249690583-519", "PrincipalType": "Group", "RightName": "ManageCa", "IsInherited": false}, {"PrincipalSID": "CERTIFICATE.HTB-S-1-5-11", "PrincipalType": "Group", "RightName": "Enroll", "IsInherited": false}]}], "meta": {"count": 1, "type": "cas", "version": 4}}