{"data":[{"ObjectIdentifier": "7397D025-1B00-4437-8F87-0C651B097023", "Properties": {"domain": "CERTIFICATE.HTB", "name": "DEFAULT DOMAIN CONTROLLERS POLICY@CERTIFICATE.HTB", "distinguishedname": "CN={6AC1786C-016F-11D2-945F-00C04FB984F9},CN=POLICIES,CN=SYSTEM,DC=CERTIFICATE,DC=HTB", "domainsid": "S-1-5-21-515537669-4223687196-3249690583", "highvalue": false, "gpcpath": "\\\\CERTIFICATE.HTB\\SYSVOL\\CERTIFICATE.HTB\\POLICIES\\{6AC1786C-016F-11D2-945F-00C04FB984F9}", "description": null, "whencreated": 1730625827}, "IsDeleted": false, "IsACLProtected": true, "Aces": [{"RightName": "Owns", "IsInherited": false, "PrincipalSID": "S-1-5-21-515537669-4223687196-3249690583-512", "PrincipalType": "Group"}, {"RightName": "GenericWrite", "IsInherited": false, "PrincipalSID": "S-1-5-21-515537669-4223687196-3249690583-512", "PrincipalType": "Group"}, {"RightName": "WriteOwner", "IsInherited": false, "PrincipalSID": "S-1-5-21-515537669-4223687196-3249690583-512", "PrincipalType": "Group"}, {"RightName": "WriteDacl", "IsInherited": false, "PrincipalSID": "S-1-5-21-515537669-4223687196-3249690583-512", "PrincipalType": "Group"}, {"RightName": "GenericWrite", "IsInherited": false, "PrincipalSID": "S-1-5-21-515537669-4223687196-3249690583-519", "PrincipalType": "Group"}, {"RightName": "WriteOwner", "IsInherited": false, "PrincipalSID": "S-1-5-21-515537669-4223687196-3249690583-519", "PrincipalType": "Group"}, {"RightName": "WriteDacl", "IsInherited": false, "PrincipalSID": "S-1-5-21-515537669-4223687196-3249690583-519", "PrincipalType": "Group"}, {"RightName": "GenericWrite", "IsInherited": false, "PrincipalSID": "S-1-5-21-515537669-4223687196-3249690583-512", "PrincipalType": "Group"}, {"RightName": "WriteOwner", "IsInherited": false, "PrincipalSID": "S-1-5-21-515537669-4223687196-3249690583-512", "PrincipalType": "Group"}, {"RightName": "WriteDacl", "IsInherited": false, "PrincipalSID": "S-1-5-21-515537669-4223687196-3249690583-512", "PrincipalType": "Group"}]},{"ObjectIdentifier": "D6D51F51-5D94-4CD7-BEBF-D02C96EC4AF6", "Properties": {"domain": "CERTIFICATE.HTB", "name": "DEFAULT DOMAIN POLICY@CERTIFICATE.HTB", "distinguishedname": "CN={31B2F340-016D-11D2-945F-00C04FB984F9},CN=POLICIES,CN=SYSTEM,DC=CERTIFICATE,DC=HTB", "domainsid": "S-1-5-21-515537669-4223687196-3249690583", "highvalue": false, "gpcpath": "\\\\CERTIFICATE.HTB\\SYSVOL\\CERTIFICATE.HTB\\POLICIES\\{31B2F340-016D-11D2-945F-00C04FB984F9}", "description": null, "whencreated": 1730625827}, "IsDeleted": false, "IsACLProtected": true, "Aces": [{"RightName": "Owns", "IsInherited": false, "PrincipalSID": "S-1-5-21-515537669-4223687196-3249690583-512", "PrincipalType": "Group"}, {"RightName": "GenericWrite", "IsInherited": false, "PrincipalSID": "S-1-5-21-515537669-4223687196-3249690583-512", "PrincipalType": "Group"}, {"RightName": "WriteOwner", "IsInherited": false, "PrincipalSID": "S-1-5-21-515537669-4223687196-3249690583-512", "PrincipalType": "Group"}, {"RightName": "WriteDacl", "IsInherited": false, "PrincipalSID": "S-1-5-21-515537669-4223687196-3249690583-512", "PrincipalType": "Group"}, {"RightName": "GenericWrite", "IsInherited": false, "PrincipalSID": "S-1-5-21-515537669-4223687196-3249690583-519", "PrincipalType": "Group"}, {"RightName": "WriteOwner", "IsInherited": false, "PrincipalSID": "S-1-5-21-515537669-4223687196-3249690583-519", "PrincipalType": "Group"}, {"RightName": "WriteDacl", "IsInherited": false, "PrincipalSID": "S-1-5-21-515537669-4223687196-3249690583-519", "PrincipalType": "Group"}, {"RightName": "GenericWrite", "IsInherited": false, "PrincipalSID": "S-1-5-21-515537669-4223687196-3249690583-512", "PrincipalType": "Group"}, {"RightName": "WriteOwner", "IsInherited": false, "PrincipalSID": "S-1-5-21-515537669-4223687196-3249690583-512", "PrincipalType": "Group"}, {"RightName": "WriteDacl", "IsInherited": false, "PrincipalSID": "S-1-5-21-515537669-4223687196-3249690583-512", "PrincipalType": "Group"}]}],"meta":{"methods":0,"type":"gpos","count":2, "version":5}}