{"data":[{"ObjectIdentifier": "S-1-5-21-515537669-4223687196-3249690583-1000", "AllowedToAct": [], "PrimaryGroupSID": "S-1-5-21-515537669-4223687196-3249690583-516", "LocalAdmins": {"Collected": false, "FailureReason": null, "Results": []}, "PSRemoteUsers": {"Collected": false, "FailureReason": null, "Results": []}, "Properties": {"name": "DC01.CERTIFICATE.HTB", "domainsid": "S-1-5-21-515537669-4223687196-3249690583", "domain": "CERTIFICATE.HTB", "distinguishedname": "CN=DC01,OU=DOMAIN CONTROLLERS,DC=CERTIFICATE,DC=HTB", "unconstraineddelegation": true, "enabled": true, "trustedtoauth": false, "samaccountname": "DC01$", "haslaps": false, "lastlogon": 1748994289, "lastlogontimestamp": 1748990721, "pwdlastset": 1744177040, "whencreated": 1730625872, "serviceprincipalnames": ["Dfsr-12F9A27C-BF97-4787-9364-D31B6C55EB04/DC01.certificate.htb", "ldap/DC01.certificate.htb/ForestDnsZones.certificate.htb", "ldap/DC01.certificate.htb/DomainDnsZones.certificate.htb", "DNS/DC01.certificate.htb", "GC/DC01.certificate.htb/certificate.htb", "RestrictedKrbHost/DC01.certificate.htb", "RestrictedKrbHost/DC01", "RPC/9bf3082f-415c-4874-885e-ea2bb5b9e3a1._msdcs.certificate.htb", "HOST/DC01/CERTIFICATE", "HOST/DC01.certificate.htb/CERTIFICATE", "HOST/DC01", "HOST/DC01.certificate.htb", "HOST/DC01.certificate.htb/certificate.htb", "E3514235-4B06-11D1-AB04-00C04FC2DCD2/9bf3082f-415c-4874-885e-ea2bb5b9e3a1/certificate.htb", "ldap/DC01/CERTIFICATE", "ldap/9bf3082f-415c-4874-885e-ea2bb5b9e3a1._msdcs.certificate.htb", "ldap/DC01.certificate.htb/CERTIFICATE", "ldap/DC01", "ldap/DC01.certificate.htb", "ldap/DC01.certificate.htb/certificate.htb"], "description": null, "operatingsystem": "Windows Server 2019 Datacenter", "sidhistory": []}, "RemoteDesktopUsers": {"Collected": false, "FailureReason": null, "Results": []}, "DcomUsers": {"Collected": false, "FailureReason": null, "Results": []}, "AllowedToDelegate": [], "Sessions": {"Collected": false, "FailureReason": null, "Results": []}, "PrivilegedSessions": {"Collected": false, "FailureReason": null, "Results": []}, "RegistrySessions": {"Collected": false, "FailureReason": null, "Results": []}, "Aces": [{"RightName": "Owns", "IsInherited": false, "PrincipalSID": "S-1-5-21-515537669-4223687196-3249690583-512", "PrincipalType": "Group"}, {"RightName": "GenericAll", "IsInherited": false, "PrincipalSID": "S-1-5-21-515537669-4223687196-3249690583-512", "PrincipalType": "Group"}, {"RightName": "AddKeyCredentialLink", "IsInherited": true, "PrincipalSID": "S-1-5-21-515537669-4223687196-3249690583-526", "PrincipalType": "Group"}, {"RightName": "AddKeyCredentialLink", "IsInherited": true, "PrincipalSID": "S-1-5-21-515537669-4223687196-3249690583-527", "PrincipalType": "Group"}, {"RightName": "GenericAll", "IsInherited": true, "PrincipalSID": "S-1-5-21-515537669-4223687196-3249690583-519", "PrincipalType": "Group"}, {"RightName": "GenericWrite", "IsInherited": true, "PrincipalSID": "CERTIFICATE.HTB-S-1-5-32-544", "PrincipalType": "Group"}, {"RightName": "WriteOwner", "IsInherited": true, "PrincipalSID": "CERTIFICATE.HTB-S-1-5-32-544", "PrincipalType": "Group"}, {"RightName": "WriteDacl", "IsInherited": true, "PrincipalSID": "CERTIFICATE.HTB-S-1-5-32-544", "PrincipalType": "Group"}], "HasSIDHistory": [], "IsDeleted": false, "Status": null, "IsACLProtected": false},{"ObjectIdentifier": "S-1-5-21-515537669-4223687196-3249690583-1131", "AllowedToAct": [], "PrimaryGroupSID": "S-1-5-21-515537669-4223687196-3249690583-515", "LocalAdmins": {"Collected": false, "FailureReason": null, "Results": []}, "PSRemoteUsers": {"Collected": false, "FailureReason": null, "Results": []}, "Properties": {"name": "WS-05.CERTIFICATE.HTB", "domainsid": "S-1-5-21-515537669-4223687196-3249690583", "domain": "CERTIFICATE.HTB", "distinguishedname": "CN=WS-05,CN=COMPUTERS,DC=CERTIFICATE,DC=HTB", "unconstraineddelegation": false, "enabled": true, "trustedtoauth": false, "samaccountname": "WS-05$", "haslaps": false, "lastlogon": 1735611417, "lastlogontimestamp": 1735594186, "pwdlastset": 1735594186, "whencreated": 1735594186, "serviceprincipalnames": ["WSMAN/WS-05", "WSMAN/WS-05.certificate.htb", "RestrictedKrbHost/WS-05.certificate.htb", "HOST/WS-05.certificate.htb", "RestrictedKrbHost/WS-05", "HOST/WS-05"], "description": null, "operatingsystem": "Windows Server 2019 Standard Evaluation", "sidhistory": []}, "RemoteDesktopUsers": {"Collected": false, "FailureReason": null, "Results": []}, "DcomUsers": {"Collected": false, "FailureReason": null, "Results": []}, "AllowedToDelegate": [], "Sessions": {"Collected": false, "FailureReason": null, "Results": []}, "PrivilegedSessions": {"Collected": false, "FailureReason": null, "Results": []}, "RegistrySessions": {"Collected": false, "FailureReason": null, "Results": []}, "Aces": [{"RightName": "Owns", "IsInherited": false, "PrincipalSID": "S-1-5-21-515537669-4223687196-3249690583-512", "PrincipalType": "Group"}, {"RightName": "GenericAll", "IsInherited": false, "PrincipalSID": "S-1-5-21-515537669-4223687196-3249690583-512", "PrincipalType": "Group"}, {"RightName": "GenericAll", "IsInherited": false, "PrincipalSID": "CERTIFICATE.HTB-S-1-5-32-548", "PrincipalType": "Group"}, {"RightName": "AddKeyCredentialLink", "IsInherited": true, "PrincipalSID": "S-1-5-21-515537669-4223687196-3249690583-526", "PrincipalType": "Group"}, {"RightName": "AddKeyCredentialLink", "IsInherited": true, "PrincipalSID": "S-1-5-21-515537669-4223687196-3249690583-527", "PrincipalType": "Group"}, {"RightName": "GenericAll", "IsInherited": true, "PrincipalSID": "S-1-5-21-515537669-4223687196-3249690583-519", "PrincipalType": "Group"}, {"RightName": "GenericWrite", "IsInherited": true, "PrincipalSID": "CERTIFICATE.HTB-S-1-5-32-544", "PrincipalType": "Group"}, {"RightName": "WriteOwner", "IsInherited": true, "PrincipalSID": "CERTIFICATE.HTB-S-1-5-32-544", "PrincipalType": "Group"}, {"RightName": "WriteDacl", "IsInherited": true, "PrincipalSID": "CERTIFICATE.HTB-S-1-5-32-544", "PrincipalType": "Group"}], "HasSIDHistory": [], "IsDeleted": false, "Status": null, "IsACLProtected": false},{"ObjectIdentifier": "S-1-5-21-515537669-4223687196-3249690583-1103", "AllowedToAct": [], "PrimaryGroupSID": "S-1-5-21-515537669-4223687196-3249690583-515", "LocalAdmins": {"Collected": false, "FailureReason": null, "Results": []}, "PSRemoteUsers": {"Collected": false, "FailureReason": null, "Results": []}, "Properties": {"name": "WS-01.CERTIFICATE.HTB", "domainsid": "S-1-5-21-515537669-4223687196-3249690583", "domain": "CERTIFICATE.HTB", "distinguishedname": "CN=WS-01,CN=COMPUTERS,DC=CERTIFICATE,DC=HTB", "unconstraineddelegation": false, "enabled": true, "trustedtoauth": false, "samaccountname": "WS-01$", "haslaps": false, "lastlogon": 1732687899, "lastlogontimestamp": 1732411020, "pwdlastset": 1730674179, "whencreated": 1730674179, "serviceprincipalnames": ["WSMAN/WS-01", "WSMAN/WS-01.certificate.htb", "RestrictedKrbHost/WS-01.certificate.htb", "HOST/WS-01.certificate.htb", "RestrictedKrbHost/WS-01", "HOST/WS-01"], "description": null, "operatingsystem": "Windows Server 2019 Standard Evaluation", "sidhistory": []}, "RemoteDesktopUsers": {"Collected": false, "FailureReason": null, "Results": []}, "DcomUsers": {"Collected": false, "FailureReason": null, "Results": []}, "AllowedToDelegate": [], "Sessions": {"Collected": false, "FailureReason": null, "Results": []}, "PrivilegedSessions": {"Collected": false, "FailureReason": null, "Results": []}, "RegistrySessions": {"Collected": false, "FailureReason": null, "Results": []}, "Aces": [{"RightName": "Owns", "IsInherited": false, "PrincipalSID": "S-1-5-21-515537669-4223687196-3249690583-512", "PrincipalType": "Group"}, {"RightName": "GenericAll", "IsInherited": false, "PrincipalSID": "S-1-5-21-515537669-4223687196-3249690583-512", "PrincipalType": "Group"}, {"RightName": "GenericAll", "IsInherited": false, "PrincipalSID": "CERTIFICATE.HTB-S-1-5-32-548", "PrincipalType": "Group"}, {"RightName": "AddKeyCredentialLink", "IsInherited": true, "PrincipalSID": "S-1-5-21-515537669-4223687196-3249690583-526", "PrincipalType": "Group"}, {"RightName": "AddKeyCredentialLink", "IsInherited": true, "PrincipalSID": "S-1-5-21-515537669-4223687196-3249690583-527", "PrincipalType": "Group"}, {"RightName": "GenericAll", "IsInherited": true, "PrincipalSID": "S-1-5-21-515537669-4223687196-3249690583-519", "PrincipalType": "Group"}, {"RightName": "GenericWrite", "IsInherited": true, "PrincipalSID": "CERTIFICATE.HTB-S-1-5-32-544", "PrincipalType": "Group"}, {"RightName": "WriteOwner", "IsInherited": true, "PrincipalSID": "CERTIFICATE.HTB-S-1-5-32-544", "PrincipalType": "Group"}, {"RightName": "WriteDacl", "IsInherited": true, "PrincipalSID": "CERTIFICATE.HTB-S-1-5-32-544", "PrincipalType": "Group"}], "HasSIDHistory": [], "IsDeleted": false, "Status": null, "IsACLProtected": false}],"meta":{"methods":0,"type":"computers","count":3, "version":5}}