{"data":[{"ObjectIdentifier": "2CAF6B62-CDE7-4271-BE5B-523800D18DA5", "Properties": {"domain": "CERTIFICATE.HTB", "name": "DOMAIN CONTROLLERS@CERTIFICATE.HTB", "distinguishedname": "OU=DOMAIN CONTROLLERS,DC=CERTIFICATE,DC=HTB", "domainsid": "S-1-5-21-515537669-4223687196-3249690583", "highvalue": false, "blocksinheritance": false, "description": "Default container for domain controllers", "whencreated": 1730625827}, "IsDeleted": false, "IsACLProtected": false, "Aces": [{"RightName": "Owns", "IsInherited": false, "PrincipalSID": "S-1-5-21-515537669-4223687196-3249690583-512", "PrincipalType": "Group"}, {"RightName": "WriteOwner", "IsInherited": false, "PrincipalSID": "S-1-5-21-515537669-4223687196-3249690583-512", "PrincipalType": "Group"}, {"RightName": "WriteDacl", "IsInherited": false, "PrincipalSID": "S-1-5-21-515537669-4223687196-3249690583-512", "PrincipalType": "Group"}, {"RightName": "GenericAll", "IsInherited": true, "PrincipalSID": "S-1-5-21-515537669-4223687196-3249690583-519", "PrincipalType": "Group"}, {"RightName": "WriteOwner", "IsInherited": true, "PrincipalSID": "CERTIFICATE.HTB-S-1-5-32-544", "PrincipalType": "Group"}, {"RightName": "WriteDacl", "IsInherited": true, "PrincipalSID": "CERTIFICATE.HTB-S-1-5-32-544", "PrincipalType": "Group"}], "Links": [{"IsEnforced": false, "GUID": "7397D025-1B00-4437-8F87-0C651B097023"}], "ChildObjects": [{"ObjectIdentifier": "S-1-5-21-515537669-4223687196-3249690583-1000", "ObjectType": "Computer"}], "GPOChanges": {"AffectedComputers": [], "DcomUsers": [], "LocalAdmins": [], "PSRemoteUsers": [], "RemoteDesktopUsers": []}}],"meta":{"methods":0,"type":"ous","count":1, "version":5}}