{"data": [{"ObjectIdentifier": "S-1-5-21-515537669-4223687196-3249690583", "Properties": {"name": "CERTIFICATE.HTB", "domain": "CERTIFICATE.HTB", "domainsid": "S-1-5-21-515537669-4223687196-3249690583", "distinguishedname": "DC=CERTIFICATE,DC=HTB", "description": "", "functionallevel": "2016", "highvalue": true, "whencreated": 1730625818}, "Trusts": [], "Aces": [{"RightName": "Owns", "IsInherited": false, "PrincipalSID": "CERTIFICATE.HTB-S-1-5-32-544", "PrincipalType": "Group"}, {"RightName": "GetChanges", "IsInherited": false, "PrincipalSID": "S-1-5-21-515537669-4223687196-3249690583-498", "PrincipalType": "Group"}, {"RightName": "GetChangesAll", "IsInherited": false, "PrincipalSID": "S-1-5-21-515537669-4223687196-3249690583-516", "PrincipalType": "Group"}, {"RightName": "GetChangesInFilteredSet", "IsInherited": false, "PrincipalSID": "CERTIFICATE.HTB-S-1-5-32-544", "PrincipalType": "Group"}, {"RightName": "GetChanges", "IsInherited": false, "PrincipalSID": "CERTIFICATE.HTB-S-1-5-32-544", "PrincipalType": "Group"}, {"RightName": "GetChangesAll", "IsInherited": false, "PrincipalSID": "CERTIFICATE.HTB-S-1-5-32-544", "PrincipalType": "Group"}, {"RightName": "GetChangesInFilteredSet", "IsInherited": false, "PrincipalSID": "CERTIFICATE.HTB-S-1-5-9", "PrincipalType": "Group"}, {"RightName": "GetChanges", "IsInherited": false, "PrincipalSID": "CERTIFICATE.HTB-S-1-5-9", "PrincipalType": "Group"}, {"RightName": "WriteOwner", "IsInherited": false, "PrincipalSID": "S-1-5-21-515537669-4223687196-3249690583-512", "PrincipalType": "Group"}, {"RightName": "AllExtendedRights", "IsInherited": false, "PrincipalSID": "S-1-5-21-515537669-4223687196-3249690583-512", "PrincipalType": "Group"}, {"RightName": "WriteDacl", "IsInherited": false, "PrincipalSID": "S-1-5-21-515537669-4223687196-3249690583-512", "PrincipalType": "Group"}, {"RightName": "GenericAll", "IsInherited": false, "PrincipalSID": "S-1-5-21-515537669-4223687196-3249690583-519", "PrincipalType": "Group"}, {"RightName": "WriteOwner", "IsInherited": false, "PrincipalSID": "CERTIFICATE.HTB-S-1-5-32-544", "PrincipalType": "Group"}, {"RightName": "AllExtendedRights", "IsInherited": false, "PrincipalSID": "CERTIFICATE.HTB-S-1-5-32-544", "PrincipalType": "Group"}, {"RightName": "WriteDacl", "IsInherited": false, "PrincipalSID": "CERTIFICATE.HTB-S-1-5-32-544", "PrincipalType": "Group"}], "Links": [{"IsEnforced": false, "GUID": "D6D51F51-5D94-4CD7-BEBF-D02C96EC4AF6"}], "ChildObjects": [{"ObjectIdentifier": "8128ECB4-D5A1-48CC-A4AD-5EC7859417DC", "ObjectType": "Container"}, {"ObjectIdentifier": "F4BDA1FA-BB32-4CAE-9141-D2E56A34AA83", "ObjectType": "Container"}, {"ObjectIdentifier": "551EB54E-708A-47A5-AB51-CB298D8BB27A", "ObjectType": "Container"}, {"ObjectIdentifier": "2CAF6B62-CDE7-4271-BE5B-523800D18DA5", "ObjectType": "OU"}, {"ObjectIdentifier": "834BE1AA-BE04-441F-85C1-B50B7FD27A36", "ObjectType": "Container"}], "GPOChanges": {"AffectedComputers": [], "DcomUsers": [], "LocalAdmins": [], "PSRemoteUsers": [], "RemoteDesktopUsers": []}, "IsDeleted": false, "IsACLProtected": false}], "meta": {"type": "domains", "count": 1, "version": 5}}