{"data":[{"ObjectIdentifier": "F729EBFB-D240-4E47-85F4-7B490DA28D66", "Properties": {"domain": "CERTIFICATE.HTB", "name": "WMIGPO@CERTIFICATE.HTB", "distinguishedname": "CN=WMIGPO,CN=WMIPOLICY,CN=SYSTEM,DC=CERTIFICATE,DC=HTB", "domainsid": "S-1-5-21-515537669-4223687196-3249690583", "highvalue": false, "description": "", "whencreated": 1730625827}, "IsDeleted": false, "IsACLProtected": false, "Aces": [{"RightName": "Owns", "IsInherited": false, "PrincipalSID": "S-1-5-21-515537669-4223687196-3249690583-512", "PrincipalType": "Group"}, {"RightName": "WriteOwner", "IsInherited": false, "PrincipalSID": "S-1-5-21-515537669-4223687196-3249690583-512", "PrincipalType": "Group"}, {"RightName": "WriteDacl", "IsInherited": false, "PrincipalSID": "S-1-5-21-515537669-4223687196-3249690583-512", "PrincipalType": "Group"}, {"RightName": "GenericAll", "IsInherited": true, "PrincipalSID": "S-1-5-21-515537669-4223687196-3249690583-519", "PrincipalType": "Group"}, {"RightName": "GenericAll", "IsInherited": true, "PrincipalSID": "S-1-5-21-515537669-4223687196-3249690583-512", "PrincipalType": "Group"}], "ChildObjects": []},{"ObjectIdentifier": "9F2CBF58-5BF5-4C04-90AB-923CE126FA46", "Properties": {"domain": "CERTIFICATE.HTB", "name": "POLICYTYPE@CERTIFICATE.HTB", "distinguishedname": "CN=POLICYTYPE,CN=WMIPOLICY,CN=SYSTEM,DC=CERTIFICATE,DC=HTB", "domainsid": "S-1-5-21-515537669-4223687196-3249690583", "highvalue": false, "description": "", "whencreated": 1730625827}, "IsDeleted": false, "IsACLProtected": false, "Aces": [{"RightName": "Owns", "IsInherited": false, "PrincipalSID": "S-1-5-21-515537669-4223687196-3249690583-512", "PrincipalType": "Group"}, {"RightName": "WriteOwner", "IsInherited": false, "PrincipalSID": "S-1-5-21-515537669-4223687196-3249690583-512", "PrincipalType": "Group"}, {"RightName": "WriteDacl", "IsInherited": false, "PrincipalSID": "S-1-5-21-515537669-4223687196-3249690583-512", "PrincipalType": "Group"}, {"RightName": "GenericAll", "IsInherited": true, "PrincipalSID": "S-1-5-21-515537669-4223687196-3249690583-519", "PrincipalType": "Group"}, {"RightName": "GenericAll", "IsInherited": true, "PrincipalSID": "S-1-5-21-515537669-4223687196-3249690583-512", "PrincipalType": "Group"}], "ChildObjects": []},{"ObjectIdentifier": "BBBCAB0D-36B4-440C-87B1-812E9B5344B0", "Properties": {"domain": "CERTIFICATE.HTB", "name": "SOM@CERTIFICATE.HTB", "distinguishedname": "CN=SOM,CN=WMIPOLICY,CN=SYSTEM,DC=CERTIFICATE,DC=HTB", "domainsid": "S-1-5-21-515537669-4223687196-3249690583", "highvalue": false, "description": "", "whencreated": 1730625827}, "IsDeleted": false, "IsACLProtected": true, "Aces": [{"RightName": "Owns", "IsInherited": false, "PrincipalSID": "S-1-5-21-515537669-4223687196-3249690583-512", "PrincipalType": "Group"}, {"RightName": "GenericAll", "IsInherited": false, "PrincipalSID": "S-1-5-21-515537669-4223687196-3249690583-512", "PrincipalType": "Group"}, {"RightName": "GenericAll", "IsInherited": false, "PrincipalSID": "S-1-5-21-515537669-4223687196-3249690583-519", "PrincipalType": "Group"}], "ChildObjects": []},{"ObjectIdentifier": "3F6671B8-31CF-499E-86CE-B7DA206A0398", "Properties": {"domain": "CERTIFICATE.HTB", "name": "POLICYTEMPLATE@CERTIFICATE.HTB", "distinguishedname": "CN=POLICYTEMPLATE,CN=WMIPOLICY,CN=SYSTEM,DC=CERTIFICATE,DC=HTB", "domainsid": "S-1-5-21-515537669-4223687196-3249690583", "highvalue": false, "description": "", "whencreated": 1730625827}, "IsDeleted": false, "IsACLProtected": false, "Aces": [{"RightName": "Owns", "IsInherited": false, "PrincipalSID": "S-1-5-21-515537669-4223687196-3249690583-512", "PrincipalType": "Group"}, {"RightName": "WriteOwner", "IsInherited": false, "PrincipalSID": "S-1-5-21-515537669-4223687196-3249690583-512", "PrincipalType": "Group"}, {"RightName": "WriteDacl", "IsInherited": false, "PrincipalSID": "S-1-5-21-515537669-4223687196-3249690583-512", "PrincipalType": "Group"}, {"RightName": "GenericAll", "IsInherited": true, "PrincipalSID": "S-1-5-21-515537669-4223687196-3249690583-519", "PrincipalType": "Group"}, {"RightName": "GenericAll", "IsInherited": true, "PrincipalSID": "S-1-5-21-515537669-4223687196-3249690583-512", "PrincipalType": "Group"}], "ChildObjects": []},{"ObjectIdentifier": "10845CA9-A11C-4F6F-9CCE-64BA8AE6CFEC", "Properties": {"domain": "CERTIFICATE.HTB", "name": "WMIPOLICY@CERTIFICATE.HTB", "distinguishedname": "CN=WMIPOLICY,CN=SYSTEM,DC=CERTIFICATE,DC=HTB", "domainsid": "S-1-5-21-515537669-4223687196-3249690583", "highvalue": false, "description": "", "whencreated": 1730625827}, "IsDeleted": false, "IsACLProtected": true, "Aces": [{"RightName": "Owns", "IsInherited": false, "PrincipalSID": "S-1-5-21-515537669-4223687196-3249690583-512", "PrincipalType": "Group"}, {"RightName": "GenericAll", "IsInherited": false, "PrincipalSID": "S-1-5-21-515537669-4223687196-3249690583-519", "PrincipalType": "Group"}, {"RightName": "GenericAll", "IsInherited": false, "PrincipalSID": "S-1-5-21-515537669-4223687196-3249690583-512", "PrincipalType": "Group"}], "ChildObjects": []},{"ObjectIdentifier": "39D0BE1A-BB99-48E9-ADDA-7D6F1126CB41", "Properties": {"domain": "CERTIFICATE.HTB", "name": "COMPARTITIONSETS@CERTIFICATE.HTB", "distinguishedname": "CN=COMPARTITIONSETS,CN=SYSTEM,DC=CERTIFICATE,DC=HTB", "domainsid": "S-1-5-21-515537669-4223687196-3249690583", "highvalue": false, "description": "", "whencreated": 1730625827}, "IsDeleted": false, "IsACLProtected": false, "Aces": [{"RightName": "Owns", "IsInherited": false, "PrincipalSID": "S-1-5-21-515537669-4223687196-3249690583-512", "PrincipalType": "Group"}, {"RightName": "WriteOwner", "IsInherited": false, "PrincipalSID": "S-1-5-21-515537669-4223687196-3249690583-512", "PrincipalType": "Group"}, {"RightName": "WriteDacl", "IsInherited": false, "PrincipalSID": "S-1-5-21-515537669-4223687196-3249690583-512", "PrincipalType": "Group"}, {"RightName": "GenericAll", "IsInherited": true, "PrincipalSID": "S-1-5-21-515537669-4223687196-3249690583-519", "PrincipalType": "Group"}, {"RightName": "WriteOwner", "IsInherited": true, "PrincipalSID": "CERTIFICATE.HTB-S-1-5-32-544", "PrincipalType": "Group"}, {"RightName": "WriteDacl", "IsInherited": true, "PrincipalSID": "CERTIFICATE.HTB-S-1-5-32-544", "PrincipalType": "Group"}], "ChildObjects": []},{"ObjectIdentifier": "B24DAFC8-0EF8-4E10-BE0A-5D026D713AB6", "Properties": {"domain": "CERTIFICATE.HTB", "name": "COMPARTITIONS@CERTIFICATE.HTB", "distinguishedname": "CN=COMPARTITIONS,CN=SYSTEM,DC=CERTIFICATE,DC=HTB", "domainsid": "S-1-5-21-515537669-4223687196-3249690583", "highvalue": false, "description": "", "whencreated": 1730625827}, "IsDeleted": false, "IsACLProtected": false, "Aces": [{"RightName": "Owns", "IsInherited": false, "PrincipalSID": "S-1-5-21-515537669-4223687196-3249690583-512", "PrincipalType": "Group"}, {"RightName": "WriteOwner", "IsInherited": false, "PrincipalSID": "S-1-5-21-515537669-4223687196-3249690583-512", "PrincipalType": "Group"}, {"RightName": "WriteDacl", "IsInherited": false, "PrincipalSID": "S-1-5-21-515537669-4223687196-3249690583-512", "PrincipalType": "Group"}, {"RightName": "GenericAll", "IsInherited": true, "PrincipalSID": "S-1-5-21-515537669-4223687196-3249690583-519", "PrincipalType": "Group"}, {"RightName": "WriteOwner", "IsInherited": true, "PrincipalSID": "CERTIFICATE.HTB-S-1-5-32-544", "PrincipalType": "Group"}, {"RightName": "WriteDacl", "IsInherited": true, "PrincipalSID": "CERTIFICATE.HTB-S-1-5-32-544", "PrincipalType": "Group"}], "ChildObjects": []},{"ObjectIdentifier": "9E616541-2978-472F-B344-2481EF36B8A1", "Properties": {"domain": "CERTIFICATE.HTB", "name": "ADMINSDHOLDER@CERTIFICATE.HTB", "distinguishedname": "CN=ADMINSDHOLDER,CN=SYSTEM,DC=CERTIFICATE,DC=HTB", "domainsid": "S-1-5-21-515537669-4223687196-3249690583", "highvalue": false, "description": "", "whencreated": 1730625827}, "IsDeleted": false, "IsACLProtected": true, "Aces": [{"RightName": "Owns", "IsInherited": false, "PrincipalSID": "S-1-5-21-515537669-4223687196-3249690583-512", "PrincipalType": "Group"}, {"RightName": "WriteOwner", "IsInherited": false, "PrincipalSID": "S-1-5-21-515537669-4223687196-3249690583-512", "PrincipalType": "Group"}, {"RightName": "WriteDacl", "IsInherited": false, "PrincipalSID": "S-1-5-21-515537669-4223687196-3249690583-512", "PrincipalType": "Group"}, {"RightName": "WriteOwner", "IsInherited": false, "PrincipalSID": "S-1-5-21-515537669-4223687196-3249690583-519", "PrincipalType": "Group"}, {"RightName": "WriteDacl", "IsInherited": false, "PrincipalSID": "S-1-5-21-515537669-4223687196-3249690583-519", "PrincipalType": "Group"}, {"RightName": "WriteOwner", "IsInherited": false, "PrincipalSID": "CERTIFICATE.HTB-S-1-5-32-544", "PrincipalType": "Group"}, {"RightName": "WriteDacl", "IsInherited": false, "PrincipalSID": "CERTIFICATE.HTB-S-1-5-32-544", "PrincipalType": "Group"}], "ChildObjects": []},{"ObjectIdentifier": "539E843D-9B68-458F-A3B6-8F95D594BDF3", "Properties": {"domain": "CERTIFICATE.HTB", "name": "RAS AND IAS SERVERS ACCESS CHECK@CERTIFICATE.HTB", "distinguishedname": "CN=RAS AND IAS SERVERS ACCESS CHECK,CN=SYSTEM,DC=CERTIFICATE,DC=HTB", "domainsid": "S-1-5-21-515537669-4223687196-3249690583", "highvalue": false, "description": "", "whencreated": 1730625827}, "IsDeleted": false, "IsACLProtected": false, "Aces": [{"RightName": "Owns", "IsInherited": false, "PrincipalSID": "S-1-5-21-515537669-4223687196-3249690583-512", "PrincipalType": "Group"}, {"RightName": "WriteOwner", "IsInherited": false, "PrincipalSID": "S-1-5-21-515537669-4223687196-3249690583-553", "PrincipalType": "Group"}, {"RightName": "WriteDacl", "IsInherited": false, "PrincipalSID": "S-1-5-21-515537669-4223687196-3249690583-553", "PrincipalType": "Group"}, {"RightName": "GenericAll", "IsInherited": true, "PrincipalSID": "S-1-5-21-515537669-4223687196-3249690583-519", "PrincipalType": "Group"}, {"RightName": "WriteOwner", "IsInherited": true, "PrincipalSID": "CERTIFICATE.HTB-S-1-5-32-544", "PrincipalType": "Group"}, {"RightName": "WriteDacl", "IsInherited": true, "PrincipalSID": "CERTIFICATE.HTB-S-1-5-32-544", "PrincipalType": "Group"}], "ChildObjects": []},{"ObjectIdentifier": "B300ECD7-6789-4204-AFB6-34C493A1191D", "Properties": {"domain": "CERTIFICATE.HTB", "name": "POLICIES@CERTIFICATE.HTB", "distinguishedname": "CN=POLICIES,CN=SYSTEM,DC=CERTIFICATE,DC=HTB", "domainsid": "S-1-5-21-515537669-4223687196-3249690583", "highvalue": false, "description": "", "whencreated": 1730625827}, "IsDeleted": false, "IsACLProtected": false, "Aces": [{"RightName": "Owns", "IsInherited": false, "PrincipalSID": "S-1-5-21-515537669-4223687196-3249690583-512", "PrincipalType": "Group"}, {"RightName": "WriteOwner", "IsInherited": false, "PrincipalSID": "S-1-5-21-515537669-4223687196-3249690583-512", "PrincipalType": "Group"}, {"RightName": "WriteDacl", "IsInherited": false, "PrincipalSID": "S-1-5-21-515537669-4223687196-3249690583-512", "PrincipalType": "Group"}, {"RightName": "GenericAll", "IsInherited": true, "PrincipalSID": "S-1-5-21-515537669-4223687196-3249690583-519", "PrincipalType": "Group"}, {"RightName": "WriteOwner", "IsInherited": true, "PrincipalSID": "CERTIFICATE.HTB-S-1-5-32-544", "PrincipalType": "Group"}, {"RightName": "WriteDacl", "IsInherited": true, "PrincipalSID": "CERTIFICATE.HTB-S-1-5-32-544", "PrincipalType": "Group"}], "ChildObjects": []},{"ObjectIdentifier": "17BECF07-913D-4684-AACB-562149D452C1", "Properties": {"domain": "CERTIFICATE.HTB", "name": "MEETINGS@CERTIFICATE.HTB", "distinguishedname": "CN=MEETINGS,CN=SYSTEM,DC=CERTIFICATE,DC=HTB", "domainsid": "S-1-5-21-515537669-4223687196-3249690583", "highvalue": false, "description": "", "whencreated": 1730625827}, "IsDeleted": false, "IsACLProtected": false, "Aces": [{"RightName": "Owns", "IsInherited": false, "PrincipalSID": "S-1-5-21-515537669-4223687196-3249690583-512", "PrincipalType": "Group"}, {"RightName": "WriteOwner", "IsInherited": false, "PrincipalSID": "S-1-5-21-515537669-4223687196-3249690583-512", "PrincipalType": "Group"}, {"RightName": "WriteDacl", "IsInherited": false, "PrincipalSID": "S-1-5-21-515537669-4223687196-3249690583-512", "PrincipalType": "Group"}, {"RightName": "GenericAll", "IsInherited": true, "PrincipalSID": "S-1-5-21-515537669-4223687196-3249690583-519", "PrincipalType": "Group"}, {"RightName": "WriteOwner", "IsInherited": true, "PrincipalSID": "CERTIFICATE.HTB-S-1-5-32-544", "PrincipalType": "Group"}, {"RightName": "WriteDacl", "IsInherited": true, "PrincipalSID": "CERTIFICATE.HTB-S-1-5-32-544", "PrincipalType": "Group"}], "ChildObjects": []},{"ObjectIdentifier": "58A5BC6E-F019-483E-9AD1-57AFEA82D020", "Properties": {"domain": "CERTIFICATE.HTB", "name": "WINSOCKSERVICES@CERTIFICATE.HTB", "distinguishedname": "CN=WINSOCKSERVICES,CN=SYSTEM,DC=CERTIFICATE,DC=HTB", "domainsid": "S-1-5-21-515537669-4223687196-3249690583", "highvalue": false, "description": "", "whencreated": 1730625827}, "IsDeleted": false, "IsACLProtected": false, "Aces": [{"RightName": "Owns", "IsInherited": false, "PrincipalSID": "S-1-5-21-515537669-4223687196-3249690583-512", "PrincipalType": "Group"}, {"RightName": "WriteOwner", "IsInherited": false, "PrincipalSID": "S-1-5-21-515537669-4223687196-3249690583-512", "PrincipalType": "Group"}, {"RightName": "WriteDacl", "IsInherited": false, "PrincipalSID": "S-1-5-21-515537669-4223687196-3249690583-512", "PrincipalType": "Group"}, {"RightName": "GenericAll", "IsInherited": true, "PrincipalSID": "S-1-5-21-515537669-4223687196-3249690583-519", "PrincipalType": "Group"}, {"RightName": "WriteOwner", "IsInherited": true, "PrincipalSID": "CERTIFICATE.HTB-S-1-5-32-544", "PrincipalType": "Group"}, {"RightName": "WriteDacl", "IsInherited": true, "PrincipalSID": "CERTIFICATE.HTB-S-1-5-32-544", "PrincipalType": "Group"}], "ChildObjects": []},{"ObjectIdentifier": "F4BDA1FA-BB32-4CAE-9141-D2E56A34AA83", "Properties": {"domain": "CERTIFICATE.HTB", "name": "MANAGED SERVICE ACCOUNTS@CERTIFICATE.HTB", "distinguishedname": "CN=MANAGED SERVICE ACCOUNTS,DC=CERTIFICATE,DC=HTB", "domainsid": "S-1-5-21-515537669-4223687196-3249690583", "highvalue": false, "description": "Default container for managed service accounts", "whencreated": 1730625827}, "IsDeleted": false, "IsACLProtected": false, "Aces": [{"RightName": "Owns", "IsInherited": false, "PrincipalSID": "S-1-5-21-515537669-4223687196-3249690583-512", "PrincipalType": "Group"}, {"RightName": "WriteOwner", "IsInherited": false, "PrincipalSID": "S-1-5-21-515537669-4223687196-3249690583-512", "PrincipalType": "Group"}, {"RightName": "WriteDacl", "IsInherited": false, "PrincipalSID": "S-1-5-21-515537669-4223687196-3249690583-512", "PrincipalType": "Group"}, {"RightName": "GenericAll", "IsInherited": true, "PrincipalSID": "S-1-5-21-515537669-4223687196-3249690583-519", "PrincipalType": "Group"}, {"RightName": "WriteOwner", "IsInherited": true, "PrincipalSID": "CERTIFICATE.HTB-S-1-5-32-544", "PrincipalType": "Group"}, {"RightName": "WriteDacl", "IsInherited": true, "PrincipalSID": "CERTIFICATE.HTB-S-1-5-32-544", "PrincipalType": "Group"}], "ChildObjects": []},{"ObjectIdentifier": "ECFE1FAB-6A4E-4414-921C-D5241FEF5062", "Properties": {"domain": "CERTIFICATE.HTB", "name": "MICROSOFT@CERTIFICATE.HTB", "distinguishedname": "CN=MICROSOFT,CN=PROGRAM DATA,DC=CERTIFICATE,DC=HTB", "domainsid": "S-1-5-21-515537669-4223687196-3249690583", "highvalue": false, "description": "Default location for storage of Microsoft application data.", "whencreated": 1730625827}, "IsDeleted": false, "IsACLProtected": false, "Aces": [{"RightName": "Owns", "IsInherited": false, "PrincipalSID": "S-1-5-21-515537669-4223687196-3249690583-512", "PrincipalType": "Group"}, {"RightName": "GenericAll", "IsInherited": false, "PrincipalSID": "S-1-5-21-515537669-4223687196-3249690583-512", "PrincipalType": "Group"}, {"RightName": "GenericAll", "IsInherited": true, "PrincipalSID": "S-1-5-21-515537669-4223687196-3249690583-519", "PrincipalType": "Group"}, {"RightName": "WriteOwner", "IsInherited": true, "PrincipalSID": "CERTIFICATE.HTB-S-1-5-32-544", "PrincipalType": "Group"}, {"RightName": "WriteDacl", "IsInherited": true, "PrincipalSID": "CERTIFICATE.HTB-S-1-5-32-544", "PrincipalType": "Group"}], "ChildObjects": []},{"ObjectIdentifier": "81B384F7-1259-40AF-A209-CF430A733140", "Properties": {"domain": "CERTIFICATE.HTB", "name": "PROGRAM DATA@CERTIFICATE.HTB", "distinguishedname": "CN=PROGRAM DATA,DC=CERTIFICATE,DC=HTB", "domainsid": "S-1-5-21-515537669-4223687196-3249690583", "highvalue": false, "description": "Default location for storage of application data.", "whencreated": 1730625827}, "IsDeleted": false, "IsACLProtected": false, "Aces": [{"RightName": "Owns", "IsInherited": false, "PrincipalSID": "S-1-5-21-515537669-4223687196-3249690583-512", "PrincipalType": "Group"}, {"RightName": "GenericAll", "IsInherited": false, "PrincipalSID": "S-1-5-21-515537669-4223687196-3249690583-512", "PrincipalType": "Group"}, {"RightName": "GenericAll", "IsInherited": true, "PrincipalSID": "S-1-5-21-515537669-4223687196-3249690583-519", "PrincipalType": "Group"}, {"RightName": "WriteOwner", "IsInherited": true, "PrincipalSID": "CERTIFICATE.HTB-S-1-5-32-544", "PrincipalType": "Group"}, {"RightName": "WriteDacl", "IsInherited": true, "PrincipalSID": "CERTIFICATE.HTB-S-1-5-32-544", "PrincipalType": "Group"}], "ChildObjects": []},{"ObjectIdentifier": "551EB54E-708A-47A5-AB51-CB298D8BB27A", "Properties": {"domain": "CERTIFICATE.HTB", "name": "FOREIGNSECURITYPRINCIPALS@CERTIFICATE.HTB", "distinguishedname": "CN=FOREIGNSECURITYPRINCIPALS,DC=CERTIFICATE,DC=HTB", "domainsid": "S-1-5-21-515537669-4223687196-3249690583", "highvalue": false, "description": "Default container for security identifiers (SIDs) associated with objects from external, trusted domains", "whencreated": 1730625827}, "IsDeleted": false, "IsACLProtected": false, "Aces": [{"RightName": "Owns", "IsInherited": false, "PrincipalSID": "S-1-5-21-515537669-4223687196-3249690583-512", "PrincipalType": "Group"}, {"RightName": "GenericAll", "IsInherited": false, "PrincipalSID": "S-1-5-21-515537669-4223687196-3249690583-512", "PrincipalType": "Group"}, {"RightName": "GenericAll", "IsInherited": true, "PrincipalSID": "S-1-5-21-515537669-4223687196-3249690583-519", "PrincipalType": "Group"}, {"RightName": "WriteOwner", "IsInherited": true, "PrincipalSID": "CERTIFICATE.HTB-S-1-5-32-544", "PrincipalType": "Group"}, {"RightName": "WriteDacl", "IsInherited": true, "PrincipalSID": "CERTIFICATE.HTB-S-1-5-32-544", "PrincipalType": "Group"}], "ChildObjects": []},{"ObjectIdentifier": "5D575D34-D9B4-43F7-B01F-47D617F1047B", "Properties": {"domain": "CERTIFICATE.HTB", "name": "SYSTEM@CERTIFICATE.HTB", "distinguishedname": "CN=SYSTEM,DC=CERTIFICATE,DC=HTB", "domainsid": "S-1-5-21-515537669-4223687196-3249690583", "highvalue": false, "description": "Builtin system settings", "whencreated": 1730625827}, "IsDeleted": false, "IsACLProtected": false, "Aces": [{"RightName": "Owns", "IsInherited": false, "PrincipalSID": "S-1-5-21-515537669-4223687196-3249690583-512", "PrincipalType": "Group"}, {"RightName": "WriteOwner", "IsInherited": false, "PrincipalSID": "S-1-5-21-515537669-4223687196-3249690583-512", "PrincipalType": "Group"}, {"RightName": "WriteDacl", "IsInherited": false, "PrincipalSID": "S-1-5-21-515537669-4223687196-3249690583-512", "PrincipalType": "Group"}, {"RightName": "GenericAll", "IsInherited": true, "PrincipalSID": "S-1-5-21-515537669-4223687196-3249690583-519", "PrincipalType": "Group"}, {"RightName": "WriteOwner", "IsInherited": true, "PrincipalSID": "CERTIFICATE.HTB-S-1-5-32-544", "PrincipalType": "Group"}, {"RightName": "WriteDacl", "IsInherited": true, "PrincipalSID": "CERTIFICATE.HTB-S-1-5-32-544", "PrincipalType": "Group"}], "ChildObjects": []},{"ObjectIdentifier": "834BE1AA-BE04-441F-85C1-B50B7FD27A36", "Properties": {"domain": "CERTIFICATE.HTB", "name": "COMPUTERS@CERTIFICATE.HTB", "distinguishedname": "CN=COMPUTERS,DC=CERTIFICATE,DC=HTB", "domainsid": "S-1-5-21-515537669-4223687196-3249690583", "highvalue": false, "description": "Default container for upgraded computer accounts", "whencreated": 1730625827}, "IsDeleted": false, "IsACLProtected": false, "Aces": [{"RightName": "Owns", "IsInherited": false, "PrincipalSID": "S-1-5-21-515537669-4223687196-3249690583-512", "PrincipalType": "Group"}, {"RightName": "WriteOwner", "IsInherited": false, "PrincipalSID": "S-1-5-21-515537669-4223687196-3249690583-512", "PrincipalType": "Group"}, {"RightName": "WriteDacl", "IsInherited": false, "PrincipalSID": "S-1-5-21-515537669-4223687196-3249690583-512", "PrincipalType": "Group"}, {"RightName": "GenericAll", "IsInherited": true, "PrincipalSID": "S-1-5-21-515537669-4223687196-3249690583-519", "PrincipalType": "Group"}, {"RightName": "WriteOwner", "IsInherited": true, "PrincipalSID": "CERTIFICATE.HTB-S-1-5-32-544", "PrincipalType": "Group"}, {"RightName": "WriteDacl", "IsInherited": true, "PrincipalSID": "CERTIFICATE.HTB-S-1-5-32-544", "PrincipalType": "Group"}], "ChildObjects": [{"ObjectIdentifier": "S-1-5-21-515537669-4223687196-3249690583-1131", "ObjectType": "Computer"}, {"ObjectIdentifier": "S-1-5-21-515537669-4223687196-3249690583-1103", "ObjectType": "Computer"}]},{"ObjectIdentifier": "8128ECB4-D5A1-48CC-A4AD-5EC7859417DC", "Properties": {"domain": "CERTIFICATE.HTB", "name": "USERS@CERTIFICATE.HTB", "distinguishedname": "CN=USERS,DC=CERTIFICATE,DC=HTB", "domainsid": "S-1-5-21-515537669-4223687196-3249690583", "highvalue": false, "description": "Default container for upgraded user accounts", "whencreated": 1730625827}, "IsDeleted": false, "IsACLProtected": false, "Aces": [{"RightName": "Owns", "IsInherited": false, "PrincipalSID": "S-1-5-21-515537669-4223687196-3249690583-512", "PrincipalType": "Group"}, {"RightName": "WriteOwner", "IsInherited": false, "PrincipalSID": "S-1-5-21-515537669-4223687196-3249690583-512", "PrincipalType": "Group"}, {"RightName": "WriteDacl", "IsInherited": false, "PrincipalSID": "S-1-5-21-515537669-4223687196-3249690583-512", "PrincipalType": "Group"}, {"RightName": "GenericAll", "IsInherited": true, "PrincipalSID": "S-1-5-21-515537669-4223687196-3249690583-519", "PrincipalType": "Group"}, {"RightName": "WriteOwner", "IsInherited": true, "PrincipalSID": "CERTIFICATE.HTB-S-1-5-32-544", "PrincipalType": "Group"}, {"RightName": "WriteDacl", "IsInherited": true, "PrincipalSID": "CERTIFICATE.HTB-S-1-5-32-544", "PrincipalType": "Group"}], "ChildObjects": [{"ObjectIdentifier": "S-1-5-21-515537669-4223687196-3249690583-1130", "ObjectType": "User"}, {"ObjectIdentifier": "S-1-5-21-515537669-4223687196-3249690583-518", "ObjectType": "Group"}, {"ObjectIdentifier": "S-1-5-21-515537669-4223687196-3249690583-1109", "ObjectType": "User"}, {"ObjectIdentifier": "S-1-5-21-515537669-4223687196-3249690583-1128", "ObjectType": "User"}, {"ObjectIdentifier": "S-1-5-21-515537669-4223687196-3249690583-1117", "ObjectType": "User"}, {"ObjectIdentifier": "S-1-5-21-515537669-4223687196-3249690583-521", "ObjectType": "Group"}, {"ObjectIdentifier": "S-1-5-21-515537669-4223687196-3249690583-553", "ObjectType": "Group"}, {"ObjectIdentifier": "S-1-5-21-515537669-4223687196-3249690583-525", "ObjectType": "Group"}, {"ObjectIdentifier": "S-1-5-21-515537669-4223687196-3249690583-1113", "ObjectType": "User"}, {"ObjectIdentifier": "S-1-5-21-515537669-4223687196-3249690583-1114", "ObjectType": "User"}, {"ObjectIdentifier": "S-1-5-21-515537669-4223687196-3249690583-1108", "ObjectType": "Group"}, {"ObjectIdentifier": "S-1-5-21-515537669-4223687196-3249690583-1115", "ObjectType": "User"}, {"ObjectIdentifier": "S-1-5-21-515537669-4223687196-3249690583-502", "ObjectType": "User"}, {"ObjectIdentifier": "S-1-5-21-515537669-4223687196-3249690583-526", "ObjectType": "Group"}, {"ObjectIdentifier": "S-1-5-21-515537669-4223687196-3249690583-1127", "ObjectType": "User"}, {"ObjectIdentifier": "S-1-5-21-515537669-4223687196-3249690583-1121", "ObjectType": "User"}, {"ObjectIdentifier": "S-1-5-21-515537669-4223687196-3249690583-1105", "ObjectType": "User"}, {"ObjectIdentifier": "S-1-5-21-515537669-4223687196-3249690583-1111", "ObjectType": "User"}, {"ObjectIdentifier": "S-1-5-21-515537669-4223687196-3249690583-1107", "ObjectType": "Group"}, {"ObjectIdentifier": "S-1-5-21-515537669-4223687196-3249690583-1110", "ObjectType": "Group"}, {"ObjectIdentifier": "S-1-5-21-515537669-4223687196-3249690583-501", "ObjectType": "User"}, {"ObjectIdentifier": "S-1-5-21-515537669-4223687196-3249690583-520", "ObjectType": "Group"}, {"ObjectIdentifier": "S-1-5-21-515537669-4223687196-3249690583-1106", "ObjectType": "Group"}, {"ObjectIdentifier": "S-1-5-21-515537669-4223687196-3249690583-1116", "ObjectType": "User"}, {"ObjectIdentifier": "S-1-5-21-515537669-4223687196-3249690583-498", "ObjectType": "Group"}, {"ObjectIdentifier": "S-1-5-21-515537669-4223687196-3249690583-527", "ObjectType": "Group"}, {"ObjectIdentifier": "S-1-5-21-515537669-4223687196-3249690583-519", "ObjectType": "Group"}, {"ObjectIdentifier": "S-1-5-21-515537669-4223687196-3249690583-513", "ObjectType": "Group"}, {"ObjectIdentifier": "S-1-5-21-515537669-4223687196-3249690583-1118", "ObjectType": "Group"}, {"ObjectIdentifier": "S-1-5-21-515537669-4223687196-3249690583-514", "ObjectType": "Group"}, {"ObjectIdentifier": "S-1-5-21-515537669-4223687196-3249690583-1104", "ObjectType": "Group"}, {"ObjectIdentifier": "S-1-5-21-515537669-4223687196-3249690583-516", "ObjectType": "Group"}, {"ObjectIdentifier": "S-1-5-21-515537669-4223687196-3249690583-515", "ObjectType": "Group"}, {"ObjectIdentifier": "S-1-5-21-515537669-4223687196-3249690583-512", "ObjectType": "Group"}, {"ObjectIdentifier": "S-1-5-21-515537669-4223687196-3249690583-1102", "ObjectType": "Group"}, {"ObjectIdentifier": "S-1-5-21-515537669-4223687196-3249690583-1101", "ObjectType": "Group"}, {"ObjectIdentifier": "S-1-5-21-515537669-4223687196-3249690583-572", "ObjectType": "Group"}, {"ObjectIdentifier": "S-1-5-21-515537669-4223687196-3249690583-522", "ObjectType": "Group"}, {"ObjectIdentifier": "S-1-5-21-515537669-4223687196-3249690583-517", "ObjectType": "Group"}, {"ObjectIdentifier": "S-1-5-21-515537669-4223687196-3249690583-1112", "ObjectType": "User"}, {"ObjectIdentifier": "S-1-5-21-515537669-4223687196-3249690583-571", "ObjectType": "Group"}, {"ObjectIdentifier": "S-1-5-21-515537669-4223687196-3249690583-1124", "ObjectType": "User"}, {"ObjectIdentifier": "S-1-5-21-515537669-4223687196-3249690583-1119", "ObjectType": "User"}, {"ObjectIdentifier": "S-1-5-21-515537669-4223687196-3249690583-500", "ObjectType": "User"}]}],"meta":{"methods":0,"type":"containers","count":19, "version":5}}